Scan Number	MS Level	Retention Time	Ion Injection Time (ms)	BPI	TIC
1	1	0.00186607253333333	0.936	494163904	1548210048
2	1	0.00588244666666667	0.012	1187917056	3362984960
3	2	0.0062238816	0.467	248567808	1699406336
4	2	0.00851821653333333	0.48	161390784	1047341056
5	2	0.00973625971666667	7.157	7202350.5	108458864
6	2	0.0143277997333333	0.448	269340608	1600375296
7	2	0.0163856666666667	0.448	256003216	1543565568
8	2	0.0183396719833333	0.448	240610640	1437129984
9	2	0.020327036	0.459	143611568	763128192
10	2	0.0222810989333333	0.459	138925792	779923776
11	2	0.02423538185	0.459	141158912	726952512
12	2	0.02618938985	8.514	12046224	58943804
13	2	0.02940158665	8.514	12318077	58248676
14	2	0.0326138592	8.514	12032001	56472088
15	2	0.0358157616	7.209	4682850.5	75372928
16	2	0.0370386784	31.78	1967733.75	17035718
17	2	0.04028222	8.833	9415080	36928424
18	2	0.0435031725166667	8.833	9180188	36977572
19	2	0.0467192296	8.833	8838952	36912516
20	2	0.04993771865	40.294	2120371.25	10192011
21	2	0.0536979181166667	40.294	2140417.25	10324845
22	2	0.0574352085333333	40.294	2345716.5	11160704
23	1	0.0622004413333333	0.16	778636160	2344517632
24	2	0.0625453581333333	0.425	271784288	1855613184
25	2	0.06483502585	0.43	190608896	1249527680
26	2	0.0660566095833333	7.843	7466670.5	110852488
27	2	0.0709969512	0.372	255056816	1530348288
28	2	0.0732384165166667	0.372	243366784	1455616000
29	2	0.0751904333166667	0.372	249117920	1460206720
30	2	0.0771421832	0.412	157780432	839065856
31	2	0.0790962608	0.412	156109008	845280000
32	2	0.0810503173333333	0.412	163864560	853519360
33	2	0.0830043928	7.978	12493184	60355504
34	2	0.086239572	7.978	12055151	57788388
35	2	0.0894436672	7.978	10931655	54364992
36	2	0.0926372317333333	7.978	4612552.5	74489784
37	2	0.0971977538666667	11.93	7866023	32357870
38	2	0.100470255466667	11.93	8781652	35123520
39	2	0.103740557066667	11.93	8249012	34473532
40	1	0.108032986383333	0.163	786172736	2358024704
41	2	0.108377850933333	0.352	282424864	1893973888
42	2	0.11066530585	0.37	192668736	1254882304
43	2	0.111890326116667	7.196	7220847.5	110395144
44	2	0.116425334666667	0.326	288019616	1660002688
45	2	0.118620788533333	0.326	259959536	1512770560
46	2	0.1206081712	0.326	267876944	1626215936
47	2	0.122555944516667	0.36	151377232	803717888
48	2	0.1245058336	0.36	155444208	820468544
49	2	0.126458061066667	0.36	147546976	783752320
50	2	0.1284097824	5.983	12872593	61412008
51	2	0.131578358933333	5.983	12307256	60634632
52	2	0.134746944	5.983	13322356	62798420
53	2	0.13790711545	10.67	4249656.5	70743952
54	2	0.1391322328	27.671	2214381.75	19488020
55	2	0.142757033333333	8.224	9405258	37664164
56	2	0.145960777066667	8.224	8797004	36166208
57	2	0.149168927733333	8.224	8712786	35865412
58	2	0.1524000064	19.215	2329524.75	11660958
59	2	0.155789341316667	19.215	2193756.25	10699867
60	2	0.159180792266667	19.215	2325253.75	11920439
61	1	0.163594265316667	0.209	709049216	2196354816
62	2	0.163938926916667	0.309	292015968	1946744832
63	2	0.166234738116667	0.324	200573568	1310781312
64	2	0.167459931983333	5.244	7671212.5	110296552
65	2	0.171946993333333	0.345	276547840	1599730816
66	2	0.17391937065	0.345	276312000	1614668288
67	2	0.17586927465	0.345	267739408	1574344064
68	2	0.1778211944	0.364	160779856	830389824
69	2	0.179773366383333	0.364	157667904	861106816
70	2	0.1817271856	0.364	158655376	822310272
71	2	0.183677065866667	7.588	11854679	56757888
72	2	0.186904040516667	7.588	11949391	58294732
73	2	0.190101754933333	7.588	11722462	58099808
74	2	0.193289143733333	7.555	4850350.5	76281960
75	2	0.194520443183333	17.293	2470662.5	21523800
76	2	0.19792032745	18.822	7999511	32535508
77	2	0.201303094116667	18.822	7763190.5	32032554
78	2	0.20468626105	18.822	7656222.5	31216130
79	2	0.20806949785	31.619	2141610.75	10761697
80	2	0.211662892783333	31.619	2257214.5	11086430
81	2	0.215258501583333	31.619	2187352.5	10872676
82	1	0.219877877333333	0.201	673464320	2019842432
83	2	0.22022084025	0.327	254718192	1670678528
84	2	0.222512428266667	0.336	187560112	1219137536
85	2	0.22373527785	6.967	7682638.5	111774472
86	2	0.227968220783333	0.336	255847120	1496446208
87	2	0.230178274133333	0.336	265537600	1592841728
88	2	0.232130487983333	0.336	237773216	1417314816
89	2	0.234082412516667	0.363	167667264	887859840
90	2	0.23603846265	0.363	161690336	854568000
91	2	0.237990316783333	0.363	160303184	870520448
92	2	0.239942287466667	5.47	10875431	56258912
93	2	0.243102791983333	5.47	12763535	64214528
94	2	0.246264828516667	5.47	12197468	59808248
95	2	0.24941676745	10.442	4669935.5	73182144
96	2	0.250646291983333	25.938	2095855.75	18991118
97	2	0.254381064533333	5.769	9054702	36768048
98	2	0.2575499448	5.769	8894077	37322548
99	2	0.260716321066667	5.769	8690418	38155384
100	2	0.263882446933333	22.028	2195351.75	10593742
101	2	0.26731768345	22.028	2190860.25	11120172
102	2	0.270755171183333	22.028	2048465.5	10884129
103	1	0.2752160152	0.167	719594688	2178608896
104	2	0.275563124266667	0.319	272569440	1844859136
105	2	0.2778505656	0.333	185998096	1220448896
106	2	0.279071571183333	5.006	7420030.5	110006552
107	2	0.2835004016	0.312	272722272	1644009472
108	2	0.285472713066667	0.312	270184480	1617574144
109	2	0.287424936533333	0.312	253692976	1486340608
110	2	0.289376660266667	0.344	149223104	800676608
111	2	0.291328727466667	0.344	162729152	865940480
112	2	0.2932805856	0.344	145466928	773946048
113	2	0.2952325376	7.349	11702348	58920176
114	2	0.298426116266667	7.349	11758978	59524648
115	2	0.3016197856	7.349	11421027	57434668
116	2	0.3048028432	4.752	5378183.5	80714608
117	2	0.306034222116667	20.338	2199128	19637414
118	2	0.30899870505	9.438	8266433	34062880
119	2	0.312223310116667	9.438	8769369	38315800
120	2	0.315450068533333	9.438	8461912	35029988
121	2	0.318679084266667	33.334	1995541.25	10282924
122	2	0.322326720816667	33.334	2042842	10126986
123	2	0.325951491716667	33.334	2120268.25	10540741
124	1	0.330600125866667	0.166	698774336	2097728384
125	2	0.330945071466667	0.296	266495712	1776577152
126	2	0.3332323864	0.311	182350496	1178500736
127	2	0.33445540425	6.762	7533049	111283816
128	2	0.338583972783333	0.308	276204160	1610031744
129	2	0.340823494116667	0.308	231372144	1378567936
130	2	0.342775315183333	0.308	251133360	1476684544
131	2	0.34472527465	0.335	155737440	801052160
132	2	0.34667538025	0.335	158931200	853797568
133	2	0.34862700345	0.335	147393840	783692096
134	2	0.35057906505	5.153	12383721	63166012
135	2	0.353764255983333	5.153	11461576	59217100
136	2	0.35692460665	5.153	11419306	58790008
137	2	0.36007015465	8.51	4917408.5	76820120
138	2	0.361299420533333	27.928	2082054.75	18647516
139	2	0.364722063183333	6.311	8773446	37622096
140	2	0.367896709866667	6.311	8714097	36514276
141	2	0.37107147705	6.311	8895807	39692468
142	2	0.374254694116667	24.129	1936683.25	9934662
143	2	0.3777272912	24.129	2245545	11415740
144	2	0.381195834133333	24.129	2183122.25	10930597
145	1	0.385692270416667	0.213	717202048	2175855616
146	2	0.386052233333333	0.292	298608160	1985339136
147	2	0.3883268968	0.304	185640784	1180144384
148	2	0.389548016	4.747	8199881.5	122229912
149	2	0.393686935183333	0.354	274253664	1577783808
150	2	0.396817690133333	0.354	265768224	1571186944
151	2	0.398784305333333	0.354	279429728	1634161920
152	2	0.400736261583333	0.4	141149232	750029760
153	2	0.4026903448	0.4	155666176	806406656
154	2	0.404642175733333	0.4	153926896	818414336
155	2	0.406596244	7.451	11486038	58580972
156	2	0.409791909866667	7.451	11830662	59852600
157	2	0.412987549333333	7.451	11036659	54557892
158	2	0.416170773066667	4.859	5088359	77434080
159	2	0.41739369945	21.406	2073378.625	18448874
160	2	0.4223418576	9.308	8083520	33090822
161	2	0.425570575183333	9.308	8600774	36085560
162	2	0.428795041066667	9.308	8456134	36110624
163	2	0.432021752783333	19.436	2382327.25	11614487
164	2	0.4354153488	19.436	2103377.75	10826565
165	2	0.438811166933333	19.436	2102391.75	11108935
166	1	0.443230512	0.191	698698048	2058703360
167	2	0.443575401866667	0.335	282596800	1923169664
168	2	0.445864941866667	0.358	180551008	1179830144
169	2	0.447085645066667	6.864	7348315	109614432
170	2	0.451664778933333	0.344	253912784	1498694400
171	2	0.453880705066667	0.344	257965376	1521946624
172	2	0.4558326904	0.344	254612992	1496333056
173	2	0.457786788266667	0.39	160827024	855987200
174	2	0.459741188283333	0.39	150610800	806886720
175	2	0.461694817066667	0.39	159722992	847007488
176	2	0.463648898133333	7.379	11348334	59367388
177	2	0.466842503733333	7.379	11843139	59217288
178	2	0.4700340168	7.379	11109303	55342720
179	2	0.473219212266667	7.046	5045392.5	78758360
180	2	0.4744593984	17.819	2344463.25	20584432
181	2	0.4778835624	8.492	6286211	28084100
182	2	0.481095770933333	8.492	8999787	37343728
183	2	0.484308256	8.492	8157263.5	35773796
184	2	0.4875474136	27.429	2249647	11269026
185	2	0.49107447815	27.429	2048548	10576154
186	2	0.494601162916667	27.429	2234073	11282931
187	1	0.4991539296	0.204	676018432	2014619904
188	2	0.499496951733333	0.326	273372768	1858310784
189	2	0.501788404266667	0.353	187860704	1221959040
190	2	0.5030113664	6.786	7715670.5	114991136
191	2	0.50751111575	0.347	288033280	1628355200
192	2	0.509841711483333	0.347	227804912	1354313728
193	2	0.51179393575	0.347	264266752	1554481664
194	2	0.513747753866667	0.396	145773376	790356480
195	2	0.515701806133333	0.396	145545200	759265472
196	2	0.517653816266667	0.396	159010432	844570048
197	2	0.51964329895	5.442	12079515	60027896
198	2	0.522805837866667	5.442	12476043	62897224
199	2	0.5259679224	5.442	11353541	57355796
200	2	0.529119776516667	7.504	4950904	78961504
201	2	0.530353313316667	24.176	2148915	18771112
202	2	0.533778337866667	7.253	8489910	35663304
203	2	0.536975836016667	7.253	8687787	37236140
204	2	0.540167094133333	7.253	8433465	37445024
205	2	0.5433605208	32.025	1977637.875	10109551
206	2	0.5469644904	32.025	1658700.375	8623998
207	2	0.550568413333333	32.025	2057179.375	10556525
208	1	0.555206765583333	0.189	732084032	2247241472
209	2	0.555551676266667	0.329	261268704	1755724672
210	2	0.557841270933333	0.354	172090896	1101140480
211	2	0.5590640384	5.011	8135729	119049376
212	2	0.563261422383333	0.341	251709152	1484788992
213	2	0.565296519983333	0.341	249465312	1474127360
214	2	0.567248490116667	0.341	258193632	1521363072
215	2	0.56919835625	0.393	165944224	862455616
216	2	0.571150364783333	0.393	151821152	779989376
217	2	0.573102346916667	0.393	151409200	800003904
218	2	0.57505433465	6.921	11848452	60345640
219	2	0.578241653866667	6.921	11509270	57634468
220	2	0.581429086383333	6.921	11476598	57374492
221	2	0.58460381625	6.631	4945427.5	78481952
222	2	0.585837084516667	28.755	4344279.5	21121656
223	2	0.58912444985	10.413	8096567	34646624
224	2	0.59236992905	10.413	7908233.5	33347042
225	2	0.595613465316667	10.413	7693732	33581956
226	2	0.598855032516667	40.74	1697311.125	8669632
227	2	0.60260466665	40.74	1754766.875	8622639
228	2	0.606354430916667	40.74	1754069.125	9131088
229	1	0.611128045333333	0.218	728744000	2192458240
230	2	0.61147312985	0.323	292368768	1956205184
231	2	0.613764640533333	0.352	193271456	1237221248
232	2	0.614985393583333	6.348	7539935	109793984
233	2	0.619533199733333	0.372	270616864	1597299968
234	2	0.6215367896	0.372	250983664	1473805824
235	2	0.623491133066667	0.372	251027008	1451801600
236	2	0.625442806133333	0.413	138573904	725079744
237	2	0.627401110133333	0.413	158098560	834818368
238	2	0.629355027466667	0.413	163908976	839278208
239	2	0.631309097866667	6.852	12050767	60235220
240	2	0.634492388	6.852	11213251	57131572
241	2	0.637675467466667	6.852	10871525	55568300
242	2	0.640848102933333	9.422	4691158	75615800
243	2	0.642075481333333	30.53	1953633.625	17742748
244	2	0.645693938133333	8.868	8181323	34508112
245	2	0.648912177066667	8.868	8258287.5	35798236
246	2	0.652141446666667	8.868	8371970	35940544
247	2	0.655361938933333	24.377	2035636.25	10761960
248	2	0.658838598116667	24.377	2217345.25	11252428
249	2	0.6623154808	24.377	2178628.25	10982591
250	1	0.666816338666667	0.136	809354816	2369126400
251	2	0.667161101066667	0.353	289666240	1947955712
252	2	0.669448527716667	0.369	186452768	1209627008
253	2	0.67067153065	6.078	7756021.5	114496464
254	2	0.6750585096	0.294	262248096	1553923584
255	2	0.677185239716667	0.294	259937856	1564657024
256	2	0.679137468516667	0.294	239685136	1387446272
257	2	0.681089202383333	0.311	147280528	783887104
258	2	0.683036973583333	0.311	169750112	875317696
259	2	0.684984756533333	0.311	175034064	889159232
260	2	0.6869703592	7.421	11560274	58432064
261	2	0.6901636672	7.421	10993962	57488512
262	2	0.6933572048	7.421	10985670	56756008
263	2	0.69654048265	24.784	6433131.5	27592344
264	2	0.697765403716667	7.921	4801199.5	77589168
265	2	0.70024871225	19.114	10351276	13085653
266	2	0.703633669866667	19.114	9390111	12085490
267	2	0.707019070933333	19.114	8892331	11339646
268	2	0.710408625616667	11.565	8120042	34593236
269	2	0.713670516	11.565	8199391	34893784
270	2	0.716943264816667	11.565	8144150.5	36133936
271	1	0.721239926933333	0.172	698818048	2130564480
272	2	0.7215849424	0.279	305788032	2024580096
273	2	0.723874431216667	0.288	162928848	1043566656
274	2	0.725097188533333	6.755	7662815.5	112331472
275	2	0.729155104516667	0.3	270962144	1617872768
276	2	0.73136929145	0.3	251832768	1496502656
277	2	0.73331922745	0.3	255042672	1516776576
278	2	0.735271177583333	0.325	153235920	823560000
279	2	0.73722311545	0.325	147213792	765829120
280	2	0.739173218916667	0.325	159957728	820206400
281	2	0.741123006116667	6.769	11343323	58110220
282	2	0.74430605385	6.769	11644683	59334060
283	2	0.747487174116667	6.769	11812382	59940052
284	2	0.750659799983333	10.164	4574132	71626936
285	2	0.7518827592	24.353	2199652.5	19602390
286	2	0.755491060016667	12.973	7753219.5	32857958
287	2	0.75877602775	12.973	7276943	32185250
288	2	0.7620699376	12.973	7721448	34024356
289	2	0.765354718666667	20.778	1990385.75	10621470
290	2	0.768769208266667	20.778	2157074.5	11204832
291	2	0.772187963733333	20.778	1932824.25	10469434
292	1	0.776640881066667	0.235	628912640	1946188800
293	2	0.776987582116667	0.284	292311968	1982240256
294	2	0.77927691785	0.298	188942768	1198038784
295	2	0.780497878666667	6.18	7456676	109141648
296	2	0.784824998933333	0.361	261856800	1493181952
297	2	0.7869803736	0.361	239286416	1428877312
298	2	0.788938710383333	0.361	277198368	1609992832
299	2	0.790888453066667	0.383	146761536	762684672
300	2	0.792842801066667	0.383	149699024	771396096
301	2	0.794794493333333	0.383	159332064	830616960
302	2	0.796746576	6.378	11602608	59103472
303	2	0.799921485866667	6.378	11448883	60075712
304	2	0.803098196	6.378	10189801	52868708
305	2	0.806268808	10.381	4484881.5	71598904
306	2	0.8074981072	18.989	2413592.75	20657552
307	2	0.811064655466667	11.439	7490074	32149462
308	2	0.814326970666667	11.439	7682106.5	34027704
309	2	0.8175869056	11.439	7492753.5	32949248
310	2	0.8208722304	34.59	1915231.375	10066712
311	2	0.824517617066667	34.59	1925130	9993155
312	2	0.828161186133333	34.59	1910803.25	10093340
313	1	0.832830758666667	0.191	699974464	2069718656
314	2	0.833175510383333	0.343	272853312	1854268032
315	2	0.835465378133333	0.353	195084544	1276779008
316	2	0.836688205333333	5.874	7801922	116503592
317	2	0.841375793866667	0.361	252585552	1456741376
318	2	0.843476792533333	0.361	252650064	1489243648
319	2	0.8454247928	0.361	237398320	1399044096
320	2	0.847376496533333	0.405	164901936	862676928
321	2	0.8493264304	0.405	151578400	766770240
322	2	0.851280475466667	0.405	156300192	819503296
323	2	0.853263695733333	8.798	11134791	56526196
324	2	0.8564802184	8.798	10567247	55006732
325	2	0.859694546133333	8.798	10710658	55445036
326	2	0.862900798933333	26.803	6124448	25967878
327	2	0.864134270916667	7.353	5102912.5	79676208
328	2	0.866744196783333	22.645	9616904	12219265
329	2	0.870190069583333	22.645	9596916	12306977
330	2	0.873635691183333	22.645	9787229	12415507
331	2	0.877080970666667	10.537	7866741.5	34448896
332	2	0.880324748266667	10.537	7226288	31733992
333	2	0.883570147983333	10.537	7795910	34854296
334	1	0.887849983466667	0.16	760963712	2254986752
335	2	0.888195006133333	0.342	267396976	1772850688
336	2	0.890484696266667	0.36	180111776	1177013248
337	2	0.891705352266667	8.043	7432007	108059528
338	2	0.896107122383333	0.323	266152864	1606225152
339	2	0.8985149088	0.323	253534000	1525575296
340	2	0.9004669048	0.323	239546560	1451090048
341	2	0.902418873333333	0.357	147650160	750105728
342	2	0.904370854116667	0.357	150347008	821519680
343	2	0.9063208864	0.357	158301584	829099648
344	2	0.908279019733333	6.903	11978304	60342040
345	2	0.911468541066667	6.903	11946962	59743220
346	2	0.914653573583333	6.903	11295987	57848620
347	2	0.917828545066667	9.584	4436608.5	72641512
348	2	0.919063782133333	24.727	2124875.5	18798790
349	2	0.922609645866667	11.326	7570156	32593810
350	2	0.925867440533333	11.326	7684495	33997788
351	2	0.92912560215	11.326	8089964	35780028
352	2	0.932385810383333	28.174	1833064.5	9885773
353	2	0.93592531625	28.174	1979262.625	10545689
354	2	0.939462505316667	28.174	2134612	11139916
355	1	0.944025728533333	0.195	765952640	2265300992
356	2	0.9443684424	0.306	282128800	1917429504
357	2	0.946658156533333	0.322	194948768	1263043712
358	2	0.94788298745	6.254	7797857.5	112730552
359	2	0.95242208745	0.319	281800576	1632087296
360	2	0.954459250666667	0.319	237739808	1429409792
361	2	0.9564091432	0.319	258820016	1525662848
362	2	0.958359278933333	0.342	152193536	821690048
363	2	0.9603089768	0.342	161478080	825529280
364	2	0.962258796266667	0.342	149216784	782918720
365	2	0.964208760266667	6.473	10997810	57018328
366	2	0.967385796533333	6.473	10794974	56613800
367	2	0.970562509333333	6.473	10632676	57399924
368	2	0.973729125866667	7.962	4590817	75109920
369	2	0.974962658133333	25.682	2107361	18725676
370	2	0.9783015416	7.096	7914823	35396020
371	2	0.981488945333333	7.096	8576413	36677928
372	2	0.984676204	7.096	8298115	36990056
373	2	0.9878886784	35.614	1903764.625	9969454
374	2	0.9915532752	35.614	1926716.75	9959616
375	2	0.995213030933333	35.614	1972384.5	10369317
376	1	0.999898973866667	0.209	807679808	2387382016
377	2	1.00024408	0.302	297825472	1991826048
378	2	1.0025336384	0.314	198309840	1307282560
379	2	1.00375473705	5.963	7890774.5	115973864
380	2	1.0082895728	0.353	281665728	1674526208
381	2	1.01042659946667	0.353	238940912	1419203328
382	2	1.01237644908333	0.353	252745760	1485807616
383	2	1.0143284256	0.382	163627184	849658368
384	2	1.0162867856	0.382	147293776	773815488
385	2	1.01823675973333	0.382	153372848	806295936
386	2	1.02022184346667	5.395	11523162	59771724
387	2	1.0233820672	5.395	10755475	56848508
388	2	1.02654227521667	5.395	11354710	58704420
389	2	1.029694356	6.229	5315606.5	82335368
390	2	1.03091520053333	29.621	2161086	19091620
391	2	1.03679630266667	5.856	7842993.5	35180532
392	2	1.04202307626667	5.856	7881579.5	35046492
393	2	1.04519736453333	5.856	8162822	37598620
394	2	1.04836382693333	20.159	1969740.875	10726890
395	2	1.05176989866667	20.159	1972053.625	11004008
396	2	1.05530298293333	20.159	2097335.5	11499026
397	1	1.05973089546667	0.15	785120576	2377644544
398	2	1.06007372426667	0.335	312888704	2068429056
399	2	1.06237150665	0.35	176567696	1139255808
400	2	1.06358828558333	4.97	8258728	122888440
401	2	1.06852537971667	0.299	261825920	1535303296
402	2	1.07056650666667	0.299	253937600	1509925760
403	2	1.07251844398333	0.299	274638336	1606687232
404	2	1.07447042691667	0.332	161885520	814886912
405	2	1.07642236425	0.332	150994688	794150272
406	2	1.07837224825	0.332	158244400	816856192
407	2	1.08032217678333	7.297	10519796	55944912
408	2	1.08351369785	7.297	10370921	54363384
409	2	1.08674051518333	7.297	10090545	53503100
410	2	1.08992161651667	5.104	5492094	86651896
411	2	1.09115306558333	18.415	2468985.5	21820752
412	2	1.09438629305	10.729	7535842	33542948
413	2	1.09763362238333	10.729	7221382.5	32731226
414	2	1.10088343493333	10.729	7424108	32847652
415	2	1.10413325546667	26.525	1955275.75	10513837
416	2	1.1076433896	26.525	2069790	11219276
417	2	1.11115359573333	26.525	1966879.375	10737567
418	1	1.11568972853333	0.271	757448192	2210181120
419	2	1.11603488773333	0.283	310337376	2020176640
420	2	1.11832626453333	0.301	196439472	1288810240
421	2	1.11955979546667	6.378	7688713.5	113079256
422	2	1.12413626186667	0.361	261236288	1502451712
423	2	1.12643170266667	0.361	261850112	1545668224
424	2	1.12838363386667	0.361	258719328	1438699776
425	2	1.13033766265	0.396	152284352	819095808
426	2	1.13229173413333	0.396	155093392	818473856
427	2	1.1342458792	0.396	151763088	807847232
428	2	1.1361979104	8.077	10376067	55891552
429	2	1.13940176773333	8.077	10033236	53268520
430	2	1.14260816053333	8.077	10830146	57047376
431	2	1.14580785866667	9.468	4384694	70740152
432	2	1.1470454296	23.633	2383245	20978108
433	2	1.15056584906667	8.605	7459417.5	33243126
434	2	1.1537949136	8.605	8177638	36858576
435	2	1.15700897306667	8.605	7694436	35548448
436	2	1.1602213216	27.22	2118401.75	11067128
437	2	1.16374196266667	27.22	2085777.25	10727412
438	2	1.16726695866667	27.22	2086764.125	11195068
439	1	1.1718136336	0.188	675844160	2115810816
440	2	1.17215837415	0.343	276307712	1898801664
441	2	1.17444768345	0.361	192738768	1252110208
442	2	1.1756706472	7.412	7429919.5	111089264
443	2	1.18035564346667	0.344	261266672	1540229760
444	2	1.18265934801667	0.344	237915184	1438155904
445	2	1.18460711573333	0.344	229654608	1365737344
446	2	1.18659241813333	0.38	166051968	882810112
447	2	1.18854650506667	0.38	158611344	817582976
448	2	1.19049848613333	0.38	150203120	787962880
449	2	1.19245258585	6.35	10567386	55366176
450	2	1.19563627011667	6.35	10213750	54255364
451	2	1.198812592	6.35	10617591	56388664
452	2	1.2019791408	7.466	4974440.5	76945168
453	2	1.20321261038333	25.134	2202526.5	19867260
454	2	1.20648340158333	11.781	8043045.5	35887288
455	2	1.20974941705	11.781	7022384	31465498
456	2	1.21301166906667	11.781	7527406.5	33642428
457	2	1.21627839625	39.765	1912255.125	10002485
458	2	1.22003214371667	39.765	1935661.875	10279829
459	2	1.22376097466667	39.765	1907356.5	10379508
460	1	1.2285158048	0.185	718978624	2168942080
461	2	1.22885650933333	0.326	302728512	1993419520
462	2	1.23115035866667	0.343	197175056	1265055872
463	2	1.23237123306667	5.728	8035257.5	118377784
464	2	1.23688963198333	0.321	258983536	1535396736
465	2	1.23898285706667	0.321	262921888	1533013376
466	2	1.24093493706667	0.321	267422128	1537152000
467	2	1.24288688505	0.363	150638592	772836160
468	2	1.24483876373333	0.363	159323968	834308480
469	2	1.24679100506667	0.363	144370816	788712896
470	2	1.248743008	7.577	10123935	53469192
471	2	1.25193623626667	7.577	10174142	55162148
472	2	1.25516314453333	7.577	10678514	55883240
473	2	1.25835256266667	10.248	4824936	75385688
474	2	1.25958623305	33.364	2032831.125	18869298
475	2	1.26330038026667	11.46	6940724.5	31236602
476	2	1.26655838935	11.46	7370732.5	32481384
477	2	1.2698205616	11.46	7144541	32072056
478	2	1.27308078586667	38.113	1850244.625	9899256
479	2	1.2767847192	38.113	1919667.75	10263797
480	2	1.280488896	38.113	1848236.375	9790691
481	1	1.28521675145	0.205	713792256	2176544256
482	2	1.28557190345	0.305	286302880	1913937408
483	2	1.28784882025	0.324	183092800	1183410688
484	2	1.28907161065	6.864	7223099	108581608
485	2	1.29344624611667	0.342	275022240	1606416256
486	2	1.29557732266667	0.342	247916752	1466700672
487	2	1.29752920291667	0.342	250761728	1473060608
488	2	1.29948121198333	0.369	143105792	772710656
489	2	1.30143317705	0.369	160064656	827597632
490	2	1.30338505705	0.369	151129808	837679488
491	2	1.30533909838333	7.304	10947242	57478356
492	2	1.30853058985	7.304	10792306	55292840
493	2	1.31172210371667	7.304	10720731	56764496
494	2	1.31490312505	22.183	6628064	28053570
495	2	1.31613674958333	8.435	4748418.5	74472848
496	2	1.31852678931667	19.382	9593618	12164381
497	2	1.32401988211667	19.382	9434521	12166752
498	2	1.32741093838333	19.382	9796973	12487486
499	2	1.33080444238333	10.619	7178257.5	32006770
500	2	1.3340519328	10.619	7160853.5	32493618
501	2	1.33729542693333	10.619	7739088	35664176
502	1	1.34156499306667	0.182	764702464	2260199424
503	2	1.34190976906667	0.324	284561696	1914110976
504	2	1.34419952213333	0.337	193629616	1263373312
505	2	1.34542251811667	6.728	7786541.5	117423072
506	2	1.3497577288	0.347	235236976	1401869952
507	2	1.3520258912	0.347	166238112	1030201088
508	2	1.3540130712	0.347	265817552	1600069888
509	2	1.35596506586667	0.373	161556688	866081280
510	2	1.35791702373333	0.373	152612624	808720448
511	2	1.35986895546667	0.373	154823536	825479872
512	2	1.36182093998333	7.113	11082522	57882808
513	2	1.36501031173333	7.113	10131840	54199528
514	2	1.3681977336	7.113	10960441	58595716
515	2	1.37137659493333	16.833	7201693.5	30169882
516	2	1.37261020428333	7.265	5017764.5	77488520
517	2	1.37490407945	21.361	9292189	11914238
518	2	1.38025141705	21.361	9886688	12659177
519	2	1.383676184	21.361	9382786	11863613
520	2	1.38712352611667	10.744	7500926	33106668
521	2	1.3903712456	10.744	6872483.5	31565312
522	2	1.39362125731667	10.744	7235772.5	33573100
523	1	1.3978948184	0.171	738630784	2242359040
524	2	1.39823967811667	0.329	292301120	2024499712
525	2	1.40052914266667	0.341	190109632	1224182272
526	2	1.4017520984	6.546	7965080.5	113441472
527	2	1.40639764373333	0.324	264373392	1568962048
528	2	1.40866791973333	0.324	253748336	1485251712
529	2	1.41061984986667	0.324	230414464	1348354304
530	2	1.41257185171667	0.36	158324944	840943040
531	2	1.41452191411667	0.36	152199088	812184384
532	2	1.41647372985	0.36	152638496	816466944
533	2	1.41842569413333	6.648	10244342	56771520
534	2	1.42164215333333	6.648	10004472	55098648
535	2	1.42482350078333	6.648	10603109	57545660
536	2	1.42799382106667	9.79	4894253	76809528
537	2	1.42922953546667	24.183	2107027.5	18570852
538	2	1.43288326026667	8.718	7586621.5	34307144
539	2	1.43609779198333	8.718	7804661.5	35127860
540	2	1.43931187893333	8.718	7741914.5	35455976
541	2	1.44252445813333	25.133	1750986.625	9544307
542	2	1.4460135696	25.133	1831873	10141222
543	2	1.4495008712	25.133	2073357.5	11023945
544	1	1.45402482346667	0.204	798493888	2388023296
545	2	1.45436937653333	0.307	300315552	1990716160
546	2	1.4566591224	0.324	208835600	1375307648
547	2	1.4578819392	6.102	7500989	111766336
548	2	1.46251078826667	0.343	239233184	1452625920
549	2	1.4646123408	0.343	231926768	1351310208
550	2	1.4665600328	0.343	231780544	1376792192
551	2	1.4685099344	0.383	154924272	816930880
552	2	1.47046191466667	0.383	134197112	734420160
553	2	1.4724139616	0.383	137973776	721321536
554	2	1.47436589306667	8.286	9850168	52975248
555	2	1.47757211198333	8.286	10047953	52946436
556	2	1.48078221146667	8.286	10385892	55711476
557	2	1.4839798424	7.772	4858483	78439744
558	2	1.4852134384	22.639	2282373.5	19864672
559	2	1.4886861968	10.01	7892659.5	34977852
560	2	1.49192318986667	10.01	7555756	34725656
561	2	1.49515839655	10.01	7564241	33951112
562	2	1.49839355626667	32.117	1812597	9888651
563	2	1.50199750293333	32.117	1883728.75	10112987
564	2	1.50560355091667	32.117	1913094.125	10629222
565	1	1.5102313592	0.158	826315648	2427259136
566	2	1.51057619731667	0.325	313675840	2128546048
567	2	1.512863816	0.343	177726288	1151461760
568	2	1.51408665013333	7.633	7505422.5	112139920
569	2	1.51864657386667	0.306	278897632	1646010368
570	2	1.521036592	0.306	250972336	1458369408
571	2	1.52298980425	0.306	246306288	1495072768
572	2	1.52494204293333	0.337	167539776	901969088
573	2	1.5268938512	0.337	153224976	799660352
574	2	1.52884366293333	0.337	157097104	817731456
575	2	1.53079352	5.973	11036709	58827100
576	2	1.53396834211667	5.973	10253219	56131056
577	2	1.53713694533333	5.973	10684710	56826664
578	2	1.540301304	20.234	6409521	27221930
579	2	1.5415328272	7.668	4766853.5	72670848
580	2	1.54387634828333	17.527	9313476	11798372
581	2	1.54912990773333	17.527	10050678	12780045
582	2	1.55251095813333	17.527	9626655	12190051
583	2	1.55586906826667	8.021	7854336	35656564
584	2	1.55907092826667	8.021	7269727.5	33038346
585	2	1.56227533813333	8.021	7378828.5	33696048
586	1	1.56650280371667	0.189	700559744	2171742464
587	2	1.56684772666667	0.291	291937536	1972079232
588	2	1.56913715705	0.304	216166048	1371798272
589	2	1.5703583104	5.294	7966779.5	120194056
590	2	1.5747119472	0.308	285407232	1653205632
591	2	1.5767489328	0.308	259250224	1516114048
592	2	1.5786988296	0.308	257050688	1501199872
593	2	1.58065078185	0.331	153701824	836251008
594	2	1.58260276213333	0.331	151740144	806956416
595	2	1.58455470293333	0.331	164187312	834299200
596	2	1.58654210455	5.545	10733861	57740408
597	2	1.58970458426667	5.545	10715847	58312432
598	2	1.59286911386667	5.545	10675389	57883208
599	2	1.59602275731667	7.265	5048123	79751384
600	2	1.59725636693333	34.521	2115712	19091582
601	2	1.60060199733333	6.122	8092527	35278980
602	2	1.60378097998333	6.122	7960135.5	36544532
603	2	1.60695333971667	6.122	7562897	34522384
604	2	1.61012612746667	29.387	1997611	10731470
605	2	1.61368630851667	29.387	1936168.75	10605086
606	2	1.61724435545	29.387	1895625.375	10581108
607	1	1.62183885865	0.213	701709888	2086553600
608	2	1.62218400371667	0.292	288493696	1937217920
609	2	1.62447535545	0.303	193795040	1253103744
610	2	1.62569650798333	5.098	8125810.5	120264592
611	2	1.6299957256	0.333	271213824	1573863680
612	2	1.63200601278333	0.333	269356128	1576644224
613	2	1.6339582096	0.333	242764112	1480338432
614	2	1.6359097744	0.375	149075984	761680064
615	2	1.63786170426667	0.375	158913504	826168192
616	2	1.6398137152	0.375	160424064	855767168
617	2	1.64176582373333	7.265	10447566	55485980
618	2	1.64495933148333	7.265	9856894	53703640
619	2	1.64815079891667	7.265	10239134	55397168
620	2	1.65133174558333	5.383	5128850.5	79741616
621	2	1.65256532531667	26.521	2315422.75	20578282
622	2	1.65563560825	8.327	7506504	33282042
623	2	1.66021291571667	8.327	7285309	34167768
624	2	1.66342509411667	8.327	7562992.5	34495488
625	2	1.66664164238333	27.37	1906647.5	10359550
626	2	1.6701660776	27.37	1887913.25	10530843
627	2	1.67368871653333	27.37	1948096.625	10683828
628	1	1.67823737066667	0.225	796300992	2391201280
629	2	1.6785822064	0.315	303124064	2033431040
630	2	1.68087181253333	0.335	179442768	1185930112
631	2	1.68209709225	6.693	7673644.5	113097832
632	2	1.69152968158333	0.356	250724080	1510795904
633	2	1.69388525598333	0.356	267133088	1547934080
634	2	1.69583721571667	0.356	246202736	1478105088
635	2	1.69779143146667	0.384	161630480	834075136
636	2	1.69974316853333	0.384	149671456	778644608
637	2	1.70169725838333	0.384	146053392	781606336
638	2	1.70365976798333	7.357	10318820	56132288
639	2	1.7068532672	7.357	10316863	54432208
640	2	1.71004465946667	7.357	10761968	57546056
641	2	1.7132299312	16.596	7362732	30521848
642	2	1.71445285678333	7.1	5091269.5	78610360
643	2	1.716774356	21.915	9442251	12014003
644	2	1.72224858693333	21.915	9406032	11888001
645	2	1.72568144986667	21.915	9663320	12251742
646	2	1.72911433653333	10.582	6936878	33193190
647	2	1.73236204826667	10.582	7020361.5	31834846
648	2	1.735608244	10.582	7772492.5	35757516
649	1	1.73987916613333	0.167	765264192	2277060352
650	2	1.74022436666667	0.338	310313024	2073827584
651	2	1.74251371386667	0.351	172018368	1119875712
652	2	1.74373663013333	6.769	7567608.5	111958728
653	2	1.74823211706667	0.321	248100512	1489055872
654	2	1.75048786	0.321	262910400	1544216064
655	2	1.7524794336	0.321	237653072	1405516544
656	2	1.75443139893333	0.351	145251344	797969408
657	2	1.75638562078333	0.351	153472016	799003136
658	2	1.7583373712	0.351	161093504	853092672
659	2	1.76029158533333	7.159	10251264	56858728
660	2	1.76348092506667	7.159	10235952	56609248
661	2	1.76667256638333	7.159	9764888	52826672
662	2	1.76985553438333	18.352	7177723	29991476
663	2	1.77107629758333	9.701	4647276	72267632
664	2	1.7734917344	25.676	9289050	11691746
665	2	1.7791409856	25.676	8932723	11398786
666	2	1.78263592373333	25.676	9388506	11844584
667	2	1.78615888986667	12.891	6921559.5	32720646
668	2	1.78944383413333	12.891	6631036.5	31202246
669	2	1.79272693893333	12.891	7103337	32159266
670	1	1.79703629945	0.173	770544000	2262461696
671	2	1.79738094825	0.304	306512000	2084452096
672	2	1.7996748144	0.318	193197424	1245356672
673	2	1.80090180371667	5.955	8045373	118858192
674	2	1.80529092001667	0.294	283844736	1649573760
675	2	1.80748649973333	0.294	244213904	1442100224
676	2	1.8094384784	0.294	282741312	1624675840
677	2	1.8113902848	0.341	145726608	771141376
678	2	1.81334229148333	0.341	156547472	828001984
679	2	1.81529418188333	0.341	169124704	871277760
680	2	1.8172461888	7.342	10780426	58755376
681	2	1.82046895813333	7.342	10018328	55334428
682	2	1.8236688344	7.342	9796601	54367696
683	2	1.82685189146667	21.167	6676637.5	28326420
684	2	1.82808964533333	8.741	4847344	75712976
685	2	1.8311777344	23.568	9103663	11520937
686	2	1.83667859146667	23.568	8639144	10883401
687	2	1.84013862291667	23.568	8662333	10934388
688	2	1.84360086426667	8.906	7446955	34620820
689	2	1.84682142666667	8.906	7663896	34055620
690	2	1.85004206401667	8.906	7809853	37053372
691	1	1.8542951936	0.209	783258496	2322593536
692	2	1.85463979226667	0.279	300606592	2018704256
693	2	1.85692947333333	0.297	203292256	1305117952
694	2	1.85815221786667	6.759	7320952	109125696
695	2	1.86250622371667	0.313	261765120	1562559872
696	2	1.86475144691667	0.313	241103968	1442263808
697	2	1.86670340158333	0.313	230287936	1396849536
698	2	1.86865541733333	0.345	153116896	822387072
699	2	1.87060545651667	0.345	149584880	766775552
700	2	1.87255720691667	0.345	150437280	759900544
701	2	1.87450919813333	5.924	10198897	56389320
702	2	1.877675652	5.924	10598389	56621248
703	2	1.88084236266667	5.924	11180078	60132208
704	2	1.88400029733333	6.979	4619764.5	74227184
705	2	1.8852338496	49.431	2018830.625	17829220
706	2	1.8885879304	9.634	7052720	31532448
707	2	1.89181860051667	9.634	6930757.5	32897410
708	2	1.89504960933333	9.634	7131627	33937124
709	2	1.89828079653333	35.719	1693346.875	9291779
710	2	1.90194497706667	35.719	1858718.375	10239907
711	2	1.90560940506667	35.719	1712974.5	9559841
712	1	1.91029760186667	0.289	660263936	1965776640
713	2	1.91064448693333	0.296	301197952	2011133952
714	2	1.91293503013333	0.31	175463824	1125080576
715	2	1.91415539146667	5.362	7959133	116583720
716	2	1.91834833146667	0.413	248323168	1451707648
717	2	1.92046871333333	0.413	275022336	1604638464
718	2	1.922420876	0.413	259298640	1515369856
719	2	1.92437488933333	0.47	150208160	775868032
720	2	1.92633509331667	0.47	142022960	759028352
721	2	1.92828916531667	0.47	155719008	810650368
722	2	1.93024541013333	6.227	10920696	59959312
723	2	1.93342008373333	6.227	9923220	54583376
724	2	1.93659485173333	6.227	10265386	57102092
725	2	1.93975925095	32.973	2027896.125	17948614
726	2	1.94098250611667	8.49	4612775	74613080
727	2	1.94403187278333	27.02	1769954.875	9791936
728	2	1.94755527305	27.02	1838602.125	10095572
729	2	1.95107520905	27.02	1863260.375	10162962
730	2	1.95461870825	12.685	6652972.5	31087976
731	2	1.9579018576	12.685	6783058	31500256
732	2	1.96118291706667	12.685	6761265.5	31901182
733	1	1.96548806638333	0.153	831838016	2420816640
734	2	1.96583279145	0.391	280330112	1900959616
735	2	1.96812229411667	0.417	183768128	1213234048
736	2	1.96934353093333	5.584	7980927.5	116932216
737	2	1.97405128533333	0.322	255967024	1457894528
738	2	1.97610078213333	0.322	212547680	1263201152
739	2	1.9780525952	0.322	246816992	1459237248
740	2	1.98000452505	0.357	146786576	785254528
741	2	1.98195653065	0.357	152525280	791175744
742	2	1.98390851893333	0.357	155028320	845204352
743	2	1.9858979584	7.671	9882846	54515936
744	2	1.989095756	7.671	9544372	52945968
745	2	1.9922934784	7.671	10172041	55013564
746	2	1.99548095653333	21.67	6788894	28755038
747	2	1.99671419386667	11.34	4346177.5	70287152
748	2	1.99901867465	22.869	9245818	11711947
749	2	2.00468461093333	22.869	9026912	11497217
750	2	2.00813218265	22.869	9067090	11427510
751	2	2.01157768826667	9.774	7208632	34307192
752	2	2.01480869973333	9.774	7409184.5	33477488
753	2	2.01804176533333	9.774	6516423	31105620
754	1	2.02230935148333	0.176	759165184	2287185664
755	2	2.02265411678333	0.305	306122656	2043534464
756	2	2.02494385895	0.321	187643296	1221216384
757	2	2.02616503813333	7.067	7306266.5	108497920
758	2	2.03070166691667	0.301	275370816	1592122368
759	2	2.0328762336	0.301	254862016	1471143168
760	2	2.034824188	0.301	248565456	1481753088
761	2	2.03677175333333	0.348	150698080	797779136
762	2	2.03872375438333	0.348	157348016	801782400
763	2	2.04067782426667	0.348	165823424	868853376
764	2	2.04262560053333	9.19	10136497	55136524
765	2	2.04584835973333	9.19	10035731	54366060
766	2	2.0490689624	9.19	9757894	53387256
767	2	2.05229177626667	22.51	2160872.75	18897268
768	2	2.05351492133333	7.205	4722742	77473648
769	2	2.05640825786667	34.966	1795590.75	9617138
770	2	2.06005832186667	34.966	1927238.625	10399832
771	2	2.06371178106667	34.966	1784894.5	9668803
772	2	2.06736158213333	16.123	6484597	29933976
773	2	2.07070095598333	16.123	6947156	31317914
774	2	2.07403823946667	16.123	6602898.5	30459966
775	1	2.0784014448	0.178	746972736	2193073408
776	2	2.0787442616	0.286	300608256	2024093440
777	2	2.08103594746667	0.306	194940720	1266281344
778	2	2.08225913386667	8.464	7212792.5	109756248
779	2	2.0866690832	0.308	260435728	1551814272
780	2	2.089122756	0.308	263432576	1530048512
781	2	2.09107245893333	0.308	266329392	1579162368
782	2	2.09302863333333	0.359	157813040	824531584
783	2	2.09497852773333	0.359	165404640	864532096
784	2	2.09693064533333	0.359	149719040	795618304
785	2	2.0988825424	6.993	10759054	58648888
786	2	2.10207183733333	6.993	9918799	55022136
787	2	2.10525702026667	6.993	10266542	56530960
788	2	2.10843185173333	10.148	4664540	76639720
789	2	2.109669784	31.832	2145174.25	19405316
790	2	2.11344442666667	10.32	7000867	32373160
791	2	2.11668553333333	10.32	7479147.5	33937180
792	2	2.11995199946667	10.32	6855914	32278708
793	2	2.1231934664	32.436	1821309.125	10150214
794	2	2.1267994304	32.436	1828700.375	10108557
795	2	2.13040965226667	32.436	1732401.625	9379334
796	1	2.13504385066667	0.26	722638464	2184419328
797	2	2.1353909144	0.292	311831168	2094865792
798	2	2.13768024693333	0.314	189605232	1218269440
799	2	2.1389013816	6.397	7721224.5	116763552
800	2	2.14333826611667	0.361	265885232	1530844672
801	2	2.14554823813333	0.361	251864928	1552216064
802	2	2.14750053413333	0.361	247559632	1453515136
803	2	2.14945214478333	0.406	156669840	791140736
804	2	2.15140428265	0.406	169323584	890748864
805	2	2.15338939838333	0.406	155890432	814592000
806	2	2.15534185198333	6.799	10024727	54395688
807	2	2.15852470718333	6.799	9593553	53790996
808	2	2.16170554531667	6.799	10061664	56759204
809	2	2.16488051198333	7.753	4735641	75744944
810	2	2.16611416985	27.566	2319748.25	20110788
811	2	2.16956574265	10.742	6877719.5	32140100
812	2	2.17281968585	10.742	7335962	33975520
813	2	2.17606712265	10.742	6867334	32360360
814	2	2.1793169864	35.99	1818076.75	9988631
815	2	2.18298381838333	35.99	1806242.5	9850519
816	2	2.1866796392	35.99	1745718.75	9698184
817	1	2.19138180478333	0.173	808960768	2370251008
818	2	2.19172693731667	0.342	298086976	1977156992
819	2	2.1940142024	0.364	211056976	1352614144
820	2	2.19523742691667	6.224	7834831	113925752
821	2	2.19988021866667	0.327	268286992	1568306944
822	2	2.20208416613333	0.327	249708544	1499022080
823	2	2.20403616745	0.327	283660896	1640241152
824	2	2.20598809625	0.357	154143744	822098752
825	2	2.20794005118333	0.357	133691520	705119616
826	2	2.20989204506667	0.357	160010080	814772608
827	2	2.21184398105	7.543	9777191	55538460
828	2	2.21503969518333	7.543	10115198	54867864
829	2	2.21823554451667	7.543	9941842	54151956
830	2	2.22143092078333	8.497	4778980.5	76743288
831	2	2.22266452771667	32.982	2051178.25	18222928
832	2	2.22624308931667	11.688	6742183	30431492
833	2	2.22950775358333	11.688	6669078.5	32390262
834	2	2.23277187811667	11.688	7142883.5	33305442
835	2	2.23603835545	32.587	1770375.625	9869099
836	2	2.23965293091667	32.587	1845960	9826730
837	2	2.243264984	32.587	1751990.75	9649085
838	1	2.2479009264	0.197	788117312	2303054336
839	2	2.24824391306667	0.31	314146816	2121162752
840	2	2.25053560825	0.325	185968000	1219749760
841	2	2.25175861811667	6.74	7710945	110911784
842	2	2.25631236878333	0.341	273849600	1577459328
843	2	2.25841391411667	0.341	37166724	225151616
844	2	2.26036593091667	0.341	240139312	1425788160
845	2	2.26231584906667	0.377	158754048	819912768
846	2	2.26426780986667	0.377	159282608	805336000
847	2	2.26622223145	0.377	146484256	781163712
848	2	2.26817795626667	7.76	9761268	53130100
849	2	2.2713777592	7.76	10117654	55530548
850	2	2.27457546533333	7.76	10341302	55789896
851	2	2.27776484426667	9.931	4414014	70996072
852	2	2.27899847866667	30.093	2158187.25	19145330
853	2	2.28246908746667	7.929	6894396.5	32042208
854	2	2.28654556426667	7.929	6942394.5	33180058
855	2	2.289747452	7.929	7295467.5	34038248
856	2	2.29294954133333	42.325	1768822.5	9616491
857	2	2.296721984	42.325	1739198.375	9667536
858	2	2.3005030568	42.325	1747709.75	9756150
859	1	2.3053015944	0.172	797022016	2368068352
860	2	2.30564654773333	0.323	306045088	2063371008
861	2	2.3079360728	0.338	173799136	1124493568
862	2	2.30915921573333	7.147	7518147	113781136
863	2	2.31957953306667	0.331	272205184	1567665280
864	2	2.3218935008	0.331	251658176	1463773056
865	2	2.32384521466667	0.331	238845632	1412351104
866	2	2.32579715813333	0.35	155656960	809239104
867	2	2.32774930691667	0.35	147866864	765208704
868	2	2.32970319545	0.35	159834144	839356288
869	2	2.33165527625	6.495	10206610	57338500
870	2	2.33483426986667	6.495	10167072	56325264
871	2	2.33801102826667	6.495	10310426	56231196
872	2	2.34118187226667	7.215	5114380	79790248
873	2	2.34240462211667	35.757	2019483.625	17657266
874	2	2.34583589706667	13.881	6824526.5	31042344
875	2	2.34913742933333	13.881	6309941	30057118
876	2	2.35246847813333	13.881	6784355	31747232
877	2	2.35577250613333	34.394	1784604.25	9692525
878	2	2.3594181952	34.394	1675984.875	9208554
879	2	2.36306156293333	34.394	1819630	10060841
880	1	2.36772905173333	0.198	713289984	2111986432
881	2	2.36807383998333	0.313	301160000	2022071168
882	2	2.3703675928	0.322	191715264	1222329856
883	2	2.37159284426667	5.908	7761853	116811568
884	2	2.37614829865	0.328	257049616	1495311488
885	2	2.37840629358333	0.328	241141616	1402504704
886	2	2.38035848933333	0.328	244067056	1443710464
887	2	2.38231242078333	0.363	152950064	816715008
888	2	2.38426441278333	0.363	137478176	713312640
889	2	2.38625811813333	0.363	151722336	794064128
890	2	2.38821197358333	6.249	10100681	56358332
891	2	2.39138683545	6.249	10180481	55736956
892	2	2.3945616312	6.249	10065670	54252292
893	2	2.397728012	11.977	4550011.5	72598472
894	2	2.39894902878333	28.853	2082326.25	18416320
895	2	2.40276115251667	6.825	7360999.5	33295092
896	2	2.40594421918333	6.825	7143157.5	34821000
897	2	2.40912948505	6.825	7090716	34559476
898	2	2.41231493145	23.554	1892552.625	10330842
899	2	2.41577700771667	23.554	1792196.75	9599262
900	2	2.41927057065	23.554	1807222.875	10112027
901	1	2.42375643651667	0.196	767142848	2241214976
902	2	2.4240994368	0.31	312290912	2105337600
903	2	2.42639126508333	0.327	185634704	1184435200
904	2	2.42761454906667	5.709	7880143	115198064
905	2	2.43218883093333	0.332	283147392	1649359360
906	2	2.43437362318333	0.332	255134592	1481652096
907	2	2.43632562293333	0.332	245992944	1466075648
908	2	2.43827754638333	0.369	165629136	889219712
909	2	2.44022960905	0.369	147428144	775073216
910	2	2.44218379518333	0.369	146405184	768285696
911	2	2.44413761171667	7.1	9507638	51364464
912	2	2.44732697225	7.1	10027352	55105236
913	2	2.45051642798333	7.1	9778259	54086636
914	2	2.45370831708333	5.749	5155812	78770000
915	2	2.45494358426667	21.745	2106081.25	18324308
916	2	2.45809326455	13.117	6662834	31883614
917	2	2.46138034266667	13.117	6939001	32503426
918	2	2.464669712	13.117	6851824	32299028
919	2	2.46795696666667	32.717	1686696.125	9256210
920	2	2.47157136053333	32.717	1737107.5	9406641
921	2	2.47518592266667	32.717	1789563.75	9920923
922	1	2.4798261664	0.202	739856640	2215133952
923	2	2.48017101678333	0.314	286214720	1942388992
924	2	2.48246254453333	0.332	189837680	1214674816
925	2	2.48368381546667	6.54	7308343.5	109101888
926	2	2.48808285813333	0.338	276085600	1616222208
927	2	2.49017016293333	0.338	258940736	1500290944
928	2	2.49212203626667	0.338	238076896	1428750592
929	2	2.49407398958333	0.369	151996064	783311168
930	2	2.49602623546667	0.369	152228176	793993792
931	2	2.4979800112	0.369	159141824	830533056
932	2	2.49993408186667	6.701	10199709	55598288
933	2	2.50311516586667	6.701	10003372	55530640
934	2	2.506298664	6.701	9854586	53631308
935	2	2.5094689616	8.442	4660072.5	74561840
936	2	2.51069394985	29.591	2030084	18078750
937	2	2.51421023145	10.271	6837352.5	32279270
938	2	2.51745416051667	10.271	6933399	32843866
939	2	2.52071824505	10.271	6554452	30902146
940	2	2.52395969198333	29.327	1695802.75	9292493
941	2	2.52752035173333	29.327	1850012.375	10223802
942	2	2.53107583226667	29.327	1880552.5	10474004
943	1	2.53565794426667	0.228	776447232	2271830272
944	2	2.53600277145	0.32	274951232	1813802752
945	2	2.53829470771667	0.334	187669712	1207849472
946	2	2.5395175344	5.892	8013637	117009440
947	2	2.54383378586667	0.366	262072864	1563788288
948	2	2.54588942771667	0.366	185152640	1132551168
949	2	2.54783930905	0.366	247848096	1432278144
950	2	2.54978919198333	0.414	141111088	740521408
951	2	2.55174140213333	0.414	156154336	826077568
952	2	2.553726508	0.414	164396192	862529152
953	2	2.5556765992	6.894	10240480	56190216
954	2	2.55886162826667	6.894	9957521	55538668
955	2	2.5620510264	6.894	10163115	56284056
956	2	2.56522582373333	9.405	4843673	78883544
957	2	2.56644899093333	27.083	2210872.5	19638454
958	2	2.56998013306667	12.55	6921601	32302128
959	2	2.57325652053333	12.55	6414739.5	31216514
960	2	2.5765377792	12.55	6707533	31483392
961	2	2.57981862666667	26.711	1759779.875	9409690
962	2	2.58333091573333	26.711	2005073.375	10827504
963	2	2.58687473973333	26.711	1900822.5	10757428
964	1	2.59141266986667	0.201	704368192	2133528320
965	2	2.59175799468333	0.347	269538240	1849309312
966	2	2.59404707386667	0.376	184024880	1194177408
967	2	2.59526805413333	5.838	7688950.5	116789432
968	2	2.5999298024	0.363	265512128	1535920640
969	2	2.6020379576	0.363	262534880	1523150080
970	2	2.6039899216	0.363	229927440	1368509568
971	2	2.6059418952	0.403	141224832	728898816
972	2	2.60789178186667	0.403	164810032	806577280
973	2	2.60984583626667	0.403	150414720	792383808
974	2	2.61179782906667	6.678	10220046	55994876
975	2	2.61497487093333	6.678	10043424	55088440
976	2	2.61815584905	6.678	10040842	55672372
977	2	2.62133889758333	9.64	4543909.5	73668744
978	2	2.62256213491667	24.213	2246332.75	20169054
979	2	2.626086752	11.859	7141750	32934524
980	2	2.62935299146667	11.859	6696523	31887952
981	2	2.63262148186667	11.859	6735585.5	31522276
982	2	2.63588796373333	25.902	1757334.125	9739033
983	2	2.63938780373333	25.902	1948256.25	10661448
984	2	2.6428876352	25.902	1822127.375	10011801
985	1	2.64741317333333	0.249	709618496	2107983232
986	2	2.64776025735	0.344	289951104	1938133632
987	2	2.6500476968	0.365	185389056	1206836736
988	2	2.65126854853333	6.076	8388826	122464616
989	2	2.65609758	0.384	263142848	1540601728
990	2	2.65839063653333	0.384	239704320	1413756032
991	2	2.66034470533333	0.384	248526528	1487560704
992	2	2.6622967208	0.421	144935712	782822144
993	2	2.66424863306667	0.421	157624192	828276864
994	2	2.6662028392	0.421	143065552	735703488
995	2	2.66815673653333	8.713	9455968	50203452
996	2	2.67137317466667	8.713	9565409	51236608
997	2	2.67458762773333	8.713	9428209	51583236
998	2	2.677793616	22.695	7083280	29794854
999	2	2.67902512695	9.65	4674559	74714888
1000	2	2.68157289733333	29.45	8433843	10780104
1001	2	2.68513068826667	29.45	8545541	10935965
1002	2	2.68871379173333	29.45	8046455.5	10330321
1003	2	2.69227418695	13.082	6395561	30817638
1004	2	2.69556126666667	13.082	6515097.5	31474894
1005	2	2.69884860906667	13.082	6359106.5	30476024
1006	1	2.7031619248	0.142	820199040	2379414528
1007	2	2.70350673971667	0.364	294846880	1976753152
1008	2	2.705796272	0.381	194875632	1271636736
1009	2	2.7070175488	8.015	7746803.5	114427960
1010	2	2.71182269733333	0.31	238715040	1425993344
1011	2	2.71419173735	0.31	251890784	1520979840
1012	2	2.71614131335	0.31	252293040	1474580992
1013	2	2.71809311973333	0.346	150365376	806698752
1014	2	2.7200846864	0.346	153078928	810116160
1015	2	2.7220388344	0.346	162299248	839847808
1016	2	2.72399113815	7.137	9986165	53360024
1017	2	2.72718008933333	7.137	10100214	54752148
1018	2	2.73037788293333	7.137	9888837	54523656
1019	2	2.73355699171667	10.541	4633102.5	73033968
1020	2	2.7347923648	36.923	2117498.25	19018100
1021	2	2.73839393866667	8.79	6841559.5	31893926
1022	2	2.74160634211667	8.79	6956903.5	32697608
1023	2	2.74482270691667	8.79	6535196	31175340
1024	2	2.74803917385	25.2	1891558.875	9931222
1025	2	2.75153089653333	25.2	1836191.375	10197309
1026	2	2.75505151785	25.2	1914426.625	10384922
1027	1	2.75956649066667	0.212	728620992	2171645696
1028	2	2.75990936293333	0.294	274314560	1816379264
1029	2	2.76220137546667	0.312	177944032	1143674752
1030	2	2.76342420906667	6.514	7600717	116588096
1031	2	2.7676778648	0.345	259007408	1517354240
1032	2	2.76994189093333	0.345	251538032	1494010624
1033	2	2.77189594853333	0.345	226996080	1359754368
1034	2	2.77384794026667	0.374	153483152	799037952
1035	2	2.77579987253333	0.374	151488384	816449344
1036	2	2.77775601358333	0.374	154972928	814032064
1037	2	2.77971431865	7.564	9739418	54311744
1038	2	2.78291413758333	7.564	9804812	54318072
1039	2	2.78613904238333	7.564	9616987	53897716
1040	2	2.78932615251667	6.914	5236146.5	82130432
1041	2	2.79055544505	35.152	4313060	21453410
1042	2	2.79398653493333	12.663	7024155	32778052
1043	2	2.79726976826667	12.663	6515602	30609476
1044	2	2.8005525496	12.663	6185804	29821446
1045	2	2.80383357893333	64.98	1506929.25	7662796
1046	2	2.80798747893333	64.98	1526300.75	7765730
1047	2	2.81214159226667	64.98	1552300.125	7967115.5
1048	1	2.8173212736	0.136	866023296	2443848960
1049	2	2.817664364	0.327	287504512	1884395392
1050	2	2.8199661712	0.34	195031296	1278128512
1051	2	2.82117741866667	6.64	7647593.5	115185360
1052	2	2.8257011576	0.288	283793760	1644354048
1053	2	2.82791734666667	0.288	234088368	1396531072
1054	2	2.8298693304	0.288	233939920	1407747456
1055	2	2.83182129811667	0.313	153831728	809424192
1056	2	2.83377325731667	0.313	162299136	828789312
1057	2	2.83572938346667	0.313	163202928	861296192
1058	2	2.83767931413333	7.351	9615765	52529960
1059	2	2.84087291093333	7.351	9884321	53918492
1060	2	2.8440643608	7.351	9544101	52106180
1061	2	2.84724745733333	12.707	8075677.5	33845700
1062	2	2.84849249388333	8.227	4527843	73151072
1063	2	2.85058690266667	25.973	8479903	10731693
1064	2	2.85610530585	25.973	9081750	11552289
1065	2	2.85960508211667	25.973	9216259	11644304
1066	2	2.86310686718333	7.678	7365391	35657264
1067	2	2.86630668878333	7.678	6860200.5	33706300
1068	2	2.86950462878333	7.678	6755460.5	33453524
1069	1	2.87372593813333	0.229	764499456	2216444672
1070	2	2.87407088346667	0.273	297260800	1976735232
1071	2	2.8763625336	0.287	191898480	1232669056
1072	2	2.8775898304	6.738	7524475	114489536
1073	2	2.88172283093333	0.332	244705360	1471242624
1074	2	2.88395774561667	0.332	233482880	1401876864
1075	2	2.8859449304	0.332	254303824	1498526720
1076	2	2.88789696186667	0.36	160170608	832473088
1077	2	2.88984888026667	0.36	163369472	836654976
1078	2	2.89179873866667	0.36	149649744	796458240
1079	2	2.8937507744	6.423	10705355	57388612
1080	2	2.8969277184	6.423	10229545	55565724
1081	2	2.90010455386667	6.423	9703744	53576104
1082	2	2.90327098746667	22.856	6730738.5	28336946
1083	2	2.90450665013333	6.432	4689110.5	74268112
1084	2	2.90690766695	18.858	9624549	12304623
1085	2	2.91203579946667	18.858	9270546	11769163
1086	2	2.9154181856	18.858	9318824	11811340
1087	2	2.91880959333333	10.991	6718164.5	31788426
1088	2	2.92206355171667	10.991	6823715	31978192
1089	2	2.92531756825	10.991	6311541	32180026
1090	1	2.92959344	0.209	774904448	2308483072
1091	2	2.92993818586667	0.314	282924000	1855155456
1092	2	2.93222777358333	0.325	192326608	1265438592
1093	2	2.93344872133333	5.871	7995014	116044128
1094	2	2.94389209093333	0.338	257814624	1536615936
1095	2	2.94822676133333	0.338	243290000	1447946752
1096	2	2.95017845813333	0.338	265919744	1526085888
1097	2	2.9521411616	0.377	147772016	773555968
1098	2	2.9540947624	0.377	145309312	754891648
1099	2	2.95605093013333	0.377	145494192	779789632
1100	2	2.95800498773333	6.059	9851601	54594696
1101	2	2.96117582133333	6.059	9784324	53831160
1102	2	2.964346364	6.059	9962701	54433768
1103	2	2.96751065946667	26.259	2233277.75	19793928
1104	2	2.9687336648	9.639	4642283	74428760
1105	2	2.97181708293333	28.745	1765698.125	9580127
1106	2	2.97536456533333	28.745	1979014.875	10720027
1107	2	2.97891205973333	28.745	1836845.875	9889472
1108	2	2.98246186133333	9.794	6308927.5	30461786
1109	2	2.9857262352	9.794	6917052	33694572
1110	2	2.98896163813333	9.794	6649505.5	33233712
1111	1	2.99321845518333	0.204	820032896	2389907456
1112	2	2.9935636416	0.32	290862880	1926244608
1113	2	2.99585290426667	0.339	204954688	1336748032
1114	2	2.99708181573333	5.451	8348164	123349616
1115	2	3.00176085785	0.339	274128000	1586136832
1116	2	3.00391033173333	0.339	267798160	1525212928
1117	2	3.00586044773333	0.339	242185712	1395510912
1118	2	3.00781428665	0.375	153560416	805910464
1119	2	3.00976834825	0.375	158278176	833673728
1120	2	3.01173077145	0.375	140228912	751867584
1121	2	3.01368277571667	5.799	10026873	54394308
1122	2	3.01685157065	5.799	9964528	52555560
1123	2	3.02004902665	5.799	10376947	56908112
1124	2	3.02320709438333	20.269	6813104	29325038
1125	2	3.02443446826667	8.888	4985636	79852080
1126	2	3.02681818213333	21.192	8922556	11390057
1127	2	3.03250041146667	21.192	9179172	11599265
1128	2	3.03592093466667	21.192	8753855	11132979
1129	2	3.039343664	8.724	6804310.5	32670336
1130	2	3.04256007413333	8.724	6544214.5	31410698
1131	2	3.04577484053333	8.724	6928001	34526972
1132	1	3.0500149848	0.164	868419648	2577040128
1133	2	3.05035990613333	0.321	281172832	1885955584
1134	2	3.05265959975	0.339	182524336	1186375168
1135	2	3.0538722648	5.339	7525776	115632864
1136	2	3.05838410026667	0.308	21161592	151265248
1137	2	3.06049635493333	0.308	252491344	1549961216
1138	2	3.06244836426667	0.308	260265088	1521616768
1139	2	3.06440239893333	0.333	164630336	866756032
1140	2	3.0663547312	0.333	149132416	794672960
1141	2	3.06830873068333	0.333	170341936	893356800
1142	2	3.070262452	6.697	10191016	54461108
1143	2	3.0734457904	6.697	9888075	53160796
1144	2	3.07662873388333	6.697	10118076	54223240
1145	2	3.0798035432	17.896	7209640	30290562
1146	2	3.08103949253333	7.871	5209501.5	79478384
1147	2	3.08344974051667	30.167	8960924	11360339
1148	2	3.08912861173333	30.167	8534675	10833588
1149	2	3.09270067065	30.167	9006664	11321033
1150	2	3.09627344345	7.237	6490335.5	33252800
1151	2	3.09946270426667	7.237	6611092.5	31983416
1152	2	3.10265418931667	7.237	6821075	34050288
1153	1	3.10686946693333	0.153	780858048	2367083520
1154	2	3.10721455546667	0.292	297317280	1993798272
1155	2	3.10950401226667	0.304	186364880	1190794368
1156	2	3.1107254072	6.144	8063959	115959464
1157	2	3.11500584825	0.289	247974448	1510397952
1158	2	3.11712009066667	0.289	242760848	1431968000
1159	2	3.11910721065	0.289	270071968	1574540800
1160	2	3.1210550496	0.309	144510880	736492736
1161	2	3.12300702771667	0.309	163607536	830159744
1162	2	3.12495919973333	0.309	153496544	813882624
1163	2	3.1269111728	6.625	9786110	52112108
1164	2	3.13009220693333	6.625	10022223	54225288
1165	2	3.13327305571667	6.625	10028417	55300396
1166	2	3.13644581893333	5.885	5276474.5	83452064
1167	2	3.13767944213333	25.161	2230194	19999012
1168	2	3.1410440448	9.568	6525686.5	31179838
1169	2	3.14427694695	9.568	6515501.5	32182946
1170	2	3.14750555893333	9.568	6384734.5	31726984
1171	2	3.15073653626667	30.284	1721975.625	9536249
1172	2	3.15433630426667	30.284	1842375.75	9833566
1173	2	3.15790900161667	30.284	1788790.125	9984447
1174	1	3.16250602505	0.255	719302912	2150906112
1175	2	3.16285261973333	0.274	310580416	2075970048
1176	2	3.16514215468333	0.284	194516576	1251097088
1177	2	3.1663650608	6.091	7772945	114929560
1178	2	3.1706060872	0.337	241509056	1443945344
1179	2	3.17275382373333	0.337	267094064	1526393600
1180	2	3.17470371946667	0.337	256593584	1528119424
1181	2	3.1766556656	0.37	156162176	811092608
1182	2	3.17860783921667	0.37	151293440	807145216
1183	2	3.18056193333333	0.37	154126880	816378240
1184	2	3.1825160144	7.271	10168954	55125104
1185	2	3.18574268801667	7.271	9418964	50628580
1186	2	3.18893634853333	7.271	10036953	54150100
1187	2	3.19211755866667	8.575	4960725	78670656
1188	2	3.1933464936	27.894	2291941.25	20803046
1189	2	3.19684843013333	10.353	6737035.5	32866956
1190	2	3.20008962745	10.353	6593457	32577624
1191	2	3.20333112986667	10.353	6160429	30343622
1192	2	3.20657255038333	25.951	1946540.75	10355389
1193	2	3.210072388	25.951	1828182.75	9936926
1194	2	3.21357220798333	25.951	1774599.5	9596394
1195	1	3.21810844906667	0.196	714039616	2074193920
1196	2	3.2184532008	0.319	272003936	1810709376
1197	2	3.22075324053333	0.337	197836336	1327500032
1198	2	3.22196573466667	6.517	7530638	112580824
1199	2	3.22638232293333	0.348	260720112	1538348672
1200	2	3.22860238986667	0.348	230761840	1384983680
1201	2	3.23055434025	0.348	233753888	1352054272
1202	2	3.23250627758333	0.392	146669280	752778560
1203	2	3.23445822346667	0.392	146835872	774326400
1204	2	3.23641236825	0.392	149356496	778909056
1205	2	3.23836435465	6.529	10059986	54165056
1206	2	3.24154350933333	6.529	9531552	51267352
1207	2	3.24472243091667	6.529	9760470	52223316
1208	2	3.24789496906667	8.918	4769568.5	76810096
1209	2	3.24911581651667	23.424	2241730.25	19691604
1210	2	3.25271990958333	10.222	6704315	31441404
1211	2	3.25596110105	10.222	6853350	33839616
1212	2	3.2592025744	10.222	6245123.5	30231718
1213	2	3.26244402186667	18.581	2029960.75	10510323
1214	2	3.26582112531667	18.581	1868710.875	10333863
1215	2	3.2691998968	18.581	1944509.625	10865903
1216	1	3.27360272186667	0.172	740080576	2237272576
1217	2	3.27394758293333	0.33	286608704	1929932544
1218	2	3.27623750746667	0.35	199468080	1279251968
1219	2	3.27745830028333	5.8	8155640	117909952
1220	2	3.28204513573333	0.31	277904608	1599542144
1221	2	3.28425926961667	0.31	243354032	1441215232
1222	2	3.28624692826667	0.31	267816608	1566653312
1223	2	3.28819648026667	0.342	142345824	726854400
1224	2	3.29014847226667	0.342	151557776	805969792
1225	2	3.29210251306667	0.342	158922656	835251136
1226	2	3.2940547288	6.963	10101841	53049032
1227	2	3.29724184641667	6.963	9595404	52907160
1228	2	3.30042912613333	6.963	9831717	52245944
1229	2	3.3036059672	9.374	4766873	76281432
1230	2	3.30483107198333	17.129	2311814.25	20167346
1231	2	3.3085040824	12.233	6485242	31570092
1232	2	3.3117784352	12.233	6379908.5	31494962
1233	2	3.31505323306667	12.233	6135147.5	30555874
1234	2	3.31832826853333	27.62	1788370.75	9699126
1235	2	3.32188407786667	27.62	1886773.125	10264495
1236	2	3.32541305493333	27.62	1930521.125	10235870
1237	1	3.32996562773333	0.217	691251776	2158744064
1238	2	3.33031073626667	0.294	321215488	2204184064
1239	2	3.33260025893333	0.309	191789264	1223696896
1240	2	3.33382124053333	6.316	7529703	113145632
1241	2	3.3382605736	0.344	249885328	1452968192
1242	2	3.3404660776	0.344	233134768	1405778432
1243	2	3.34242450453333	0.344	236502448	1401583872
1244	2	3.3443763704	0.377	151364640	811125760
1245	2	3.34632825386667	0.377	169657088	894757120
1246	2	3.34828232053333	0.377	145884000	732124992
1247	2	3.3502342696	7.902	9529496	51006616
1248	2	3.35346746051667	7.902	9386767	50595048
1249	2	3.35666719546667	7.902	9587754	51376152
1250	2	3.3598628624	22.415	6672836.5	28534778
1251	2	3.36109634986667	9.733	4847164.5	77433744
1252	2	3.36358569146667	25.524	8711980	11121055
1253	2	3.36708119706667	25.524	8576619	10923172
1254	2	3.37057488401667	25.524	8875409	11332966
1255	2	3.37406824611667	13.754	6440977.5	31187594
1256	2	3.37736591465	13.754	6363528	31324484
1257	2	3.38066572665	13.754	6133959.5	30540094
1258	1	3.38498933358333	0.175	764420352	2288724480
1259	2	3.38533436346667	0.326	282052032	1921528576
1260	2	3.38762394051667	0.34	178136400	1168389760
1261	2	3.38884317011667	7.226	7478194	110154864
1262	2	3.39345695146667	0.317	249248992	1492593920
1263	2	3.39575212666667	0.317	229997120	1375047552
1264	2	3.39770430533333	0.317	256970096	1526240384
1265	2	3.3996561088	0.357	145549904	776650880
1266	2	3.40160826666667	0.357	158335584	844323968
1267	2	3.4035600648	0.357	153881632	820755008
1268	2	3.40551198826667	6.915	9282586	49963788
1269	2	3.40869936506667	6.915	6720649.5	35570464
1270	2	3.41188662051667	6.915	9955072	52426076
1271	2	3.41506153545	24.064	6385688.5	27019542
1272	2	3.4162971064	9.974	4788658.5	74745184
1273	2	3.41876155333333	27.847	8831765	11071258
1274	2	3.42230480346667	27.847	8470954	10886453
1275	2	3.42583785226667	27.847	8896352	11294556
1276	2	3.42937109733333	12.528	6327963	32081962
1277	2	3.43265024238333	12.528	6152810	30002554
1278	2	3.43592885411667	12.528	6191688	30624196
1279	1	3.44023414506667	0.188	786041152	2323758080
1280	2	3.44058096186667	0.301	282029728	1872537344
1281	2	3.4428661656	0.321	202126064	1315695872
1282	2	3.44409352266667	6.176	7662007.5	114820112
1283	2	3.4486177872	0.316	256462896	1522817408
1284	2	3.45088197573333	0.316	250953040	1485143808
1285	2	3.45287146745	0.316	269981280	1604486656
1286	2	3.45482347731667	0.338	160327088	818496640
1287	2	3.45677332985	0.338	156150576	800680128
1288	2	3.45872530586667	0.338	148861744	776727552
1289	2	3.46067740958333	8.859	9755605	51803008
1290	2	3.46389582746667	8.859	9778031	51459200
1291	2	3.46711232718333	8.859	9038411	48002464
1292	2	3.47032257465	10.223	4524369	70971136
1293	2	3.47154544958333	28.732	2183575.5	19756742
1294	2	3.47511808051667	10.711	6661992	32569680
1295	2	3.47836577065	10.711	6628573.5	32022954
1296	2	3.48161347998333	10.711	6383679.5	31931710
1297	2	3.48486118718333	31.348	1727921	9405889
1298	2	3.48847553226667	31.348	1717563.125	9202921
1299	2	3.49206712771667	31.348	1747323.625	9577913
1300	1	3.49668217626667	0.222	756431168	2241941248
1301	2	3.497029392	0.299	291739392	1942857088
1302	2	3.49931673173333	0.31	177651920	1152882176
1303	2	3.50053758346667	8.023	7557724	111966776
1304	2	3.5049001632	0.318	265819280	1553634560
1305	2	3.50729304186667	0.318	242456416	1460556544
1306	2	3.50924492241667	0.318	252623712	1507489408
1307	2	3.5111947976	0.351	151448368	783624896
1308	2	3.5131468024	0.351	175781680	881946368
1309	2	3.51509670986667	0.351	150720192	767900800
1310	2	3.51704871973333	7.962	9896866	52247808
1311	2	3.52028191893333	7.962	9601805	52214196
1312	2	3.52348605011667	7.962	9748525	51552020
1313	2	3.52667727438333	20.966	7098336	29832412
1314	2	3.5279086944	9.26	4700175.5	74143752
1315	2	3.53102730025	35.069	8326062.5	10647456
1316	2	3.53468566186667	35.069	8575116	10837377
1317	2	3.53833900131667	35.069	8711657	11023808
1318	2	3.5419911472	13.667	6369458.5	31268258
1319	2	3.54528856051667	13.667	6228894.5	30511448
1320	2	3.54858423625	13.667	5802375.5	29094318
1321	1	3.55291426693333	0.159	794185472	2326103808
1322	2	3.55326109011667	0.302	305752672	2011553792
1323	2	3.55554859706667	0.318	202381120	1309322624
1324	2	3.55676970611667	7.327	7448627	112287600
1325	2	3.56317973306667	0.284	265266784	1548667648
1326	2	3.56857297518333	0.284	250660752	1534939648
1327	2	3.57052231225	0.284	262419680	1504397696
1328	2	3.57247216558333	0.322	141348352	739571264
1329	2	3.57443043891667	0.322	145273360	746649600
1330	2	3.57638250158333	0.322	151428016	805090944
1331	2	3.57833482771667	6.76	9990589	53664408
1332	2	3.581517508	6.76	9911167	53887432
1333	2	3.58469854585	6.76	10224677	54310348
1334	2	3.5882778472	12.423	4212031	67681944
1335	2	3.58910684985	40.754	4380650	21459070
1336	2	3.59573781571667	6.851	6770827	33388370
1337	2	3.59892746346667	6.851	6537865.5	33027452
1338	2	3.60211206878333	6.851	6778814	33511196
1339	2	3.60529732878333	41.751	1588273.875	7908474
1340	2	3.60906591065	41.751	1672840.25	8224313.5
1341	2	3.6128343096	41.751	1678187	8356858.5
1342	1	3.61762680586667	0.234	782346688	2313144320
1343	2	3.61797372851667	0.269	292875392	1962049664
1344	2	3.62027382265	0.287	201783920	1302643200
1345	2	3.6214861896	6.224	8035495.5	118701488
1346	2	3.62580873786667	0.322	283733952	1621306624
1347	2	3.62803740746667	0.322	248428224	1496198144
1348	2	3.62998937865	0.322	243849584	1475658624
1349	2	3.63193921758333	0.355	150794656	748393856
1350	2	3.63388913225	0.355	155047632	793089024
1351	2	3.63584135013333	0.355	146267152	778018688
1352	2	3.63779309813333	6.657	10445606	56714344
1353	2	3.64097441973333	6.657	10007281	52277860
1354	2	3.64415732265	6.657	9417148	51929496
1355	2	3.64733001413333	6.262	5074921.5	77772992
1356	2	3.64855299651667	36.89	4181997.25	20757196
1357	2	3.6518011152	7.423	6857784.5	33332304
1358	2	3.65500454905	7.423	6769734.5	33292576
1359	2	3.6582001856	7.423	6241632.5	31386906
1360	2	3.66139398106667	55.665	1547450.125	7703404
1361	2	3.66539344533333	55.665	1512423.625	7482851
1362	2	3.6693931536	55.665	1549139.5	7810171
1363	1	3.67441522666667	0.165	801091328	2423302912
1364	2	3.67475964398333	0.305	309871584	2072438400
1365	2	3.6770492136	0.318	201703664	1326371840
1366	2	3.67827227546667	6.097	7552856	112704160
1367	2	3.68301333226667	0.29	263552640	1545885568
1368	2	3.68525669838333	0.29	269748128	1526696832
1369	2	3.68724828533333	0.29	241798048	1440509952
1370	2	3.6892004656	0.314	149512144	759433856
1371	2	3.69115221705	0.314	163320784	882877312
